{
  "tag": "new_finetuned_onnx",
  "split": "val",
  "onnx_path": "/kaggle/working/fastplate_previous_keras_finetune_compare/artifacts/best.onnx",
  "n": 1227,
  "plate_acc": 0.7481662591687042,
  "char_acc": 0.8691948337455345,
  "len_acc": 0.9698451507742462,
  "seconds": 4.305350303649902,
  "sec_per_image_cpu": 0.003508842953259904
}